{"cameraMode":{"drawMode":0,"name":"Shaded","section":"Shading Mode"},"sceneLighting":true,"audioPlay":false,"sceneViewState":{"m_AlwaysRefresh":false,"showFog":true,"showSkybox":true,"showFlares":true,"showImageEffects":true,"showParticleSystems":true,"showVisualEffectGraphs":true,"m_FxEnabled":true},"in2DMode":false,"pivot":{"x":-1.9620167016983033,"y":3.9796218872070314,"z":1.5102875232696534},"rotation":{"x":0.06737112998962403,"y":-0.0478723868727684,"z":0.0032362882047891618,"w":0.9965738654136658},"size":9.758408546447754,"orthographic":false}